listed,2022_W43,2022_W44,roll,group
KOSDAQ,15.485320737999379,9.076782924097238,10.548639888960302,Adjusted Price wt. Sentiment Score
KOSPI,11.77153985511717,15.3346116927328,12.421360765373171,Adjusted Price wt. Sentiment Score
KOSDAQ,2.4457718523350573,9.354069630079774,9.097352068438873,Market Capitalization wt. Sentiment Score
KOSPI,15.358131769808796,15.3346116927328,13.386793205967923,Market Capitalization wt. Sentiment Score
KOSPI,15.358131769808796,15.3346116927328,15.271294853960317,Transaction Volume wt. Sentiment Score
KOSDAQ,3.492387389729255,3.742643796773289,9.17470596568181,Transaction Amount wt. Sentiment Score
KOSPI,15.358131769808796,15.3346116927328,13.937977059734791,Transaction Amount wt. Sentiment Score
