listed,Prev week,This week,Rolling,group
KOSPI,12.260756494193803,1.8621156571821798,9.476180548033648,Adjusted Price wt. Sentiment Score
KOSDAQ,15.131168336061302,15.09717125382263,15.222024784948232,Adjusted Price wt. Sentiment Score
KOSPI,14.152784365074153,15.53444639033295,13.126663925700207,Market Capitalization wt. Sentiment Score
KOSDAQ,6.664463134943791,12.602617129388067,7.971403076340035,Transaction Volume wt. Sentiment Score
KOSPI,15.403363493523399,15.53444639033295,15.323810355804913,Transaction Volume wt. Sentiment Score
KOSPI,11.926238043454422,15.53444639033295,13.115425262637729,Transaction Amount wt. Sentiment Score
