listed,Prev week,This week,Rolling,group
NYSE,1.671545358933957,0.12121328557672865,0.8028838977868182,Adjusted Price wt. Sentiment Score
NASDAQ,4.295073410854369,3.6754944884563994,3.2934883508994397,Adjusted Price wt. Sentiment Score
NYSE,2.023039733152105,0.2649658235275359,0.9414200694493928,Market Capitalization wt. Sentiment Score
NASDAQ,4.295073410854369,3.6754944884563994,3.2934883508994397,Market Capitalization wt. Sentiment Score
NASDAQ,4.295073410854369,3.6754944884563994,2.6530486429686806,Transaction Volume wt. Sentiment Score
NYSE,4.766118552572275,5.0136305869983095,4.030979523532055,Transaction Volume wt. Sentiment Score
NYSE,5.506598559844097,1.6674256826038083,3.2214460898997603,Transaction Amount wt. Sentiment Score
NASDAQ,4.295073410854369,3.6754944884563994,3.049042692518527,Transaction Amount wt. Sentiment Score
