listed,2022_W43,2022_W44,roll,group
NYSE,5.051184342934031,0.13581076299101025,1.7211252157913988,Adjusted Price wt. Sentiment Score
NASDAQ,15.0,15.591383469764674,15.346434529974045,Adjusted Price wt. Sentiment Score
NYSE,2.7099728015045788,8.522682060519179,4.114664596597122,Market Capitalization wt. Sentiment Score
NASDAQ,15.0,15.591383469764674,15.346434529974045,Market Capitalization wt. Sentiment Score
NASDAQ,15.0,15.591383469764674,12.19058792032155,Transaction Volume wt. Sentiment Score
NYSE,13.140126647396965,13.172899039654789,14.18073512596752,Transaction Volume wt. Sentiment Score
NYSE,9.954906420772522,12.302976470058946,13.1451825937364,Transaction Amount wt. Sentiment Score
NASDAQ,15.0,15.591383469764674,14.625648365171758,Transaction Amount wt. Sentiment Score
