listed,Prev week,This week,Rolling,group
NYSE,4.659753140570038,0.35228158584540153,2.9402675293488527,Adjusted Price wt. Sentiment Score
NASDAQ,15.286338227390292,15.245032965897094,15.219565890059965,Adjusted Price wt. Sentiment Score
NYSE,5.6396110938117525,0.7700688918957386,3.238903916954991,Market Capitalization wt. Sentiment Score
NASDAQ,15.286338227390292,15.245032965897094,15.219565890059965,Market Capitalization wt. Sentiment Score
NYSE,13.28646917953918,14.571090335743401,14.061675964813393,Transaction Volume wt. Sentiment Score
NASDAQ,15.286338227390292,15.245032965897094,13.330649672524654,Transaction Volume wt. Sentiment Score
NYSE,15.3506991574889,4.846031199898391,11.35016361868346,Transaction Amount wt. Sentiment Score
NASDAQ,15.286338227390292,15.245032965897094,14.498596589274943,Transaction Amount wt. Sentiment Score
